first_name,last_name,email
Hoàng,Châu,Hoàng-Châu@gmail.com
Hoàng,Binh,Hoàng-Bình@gmail.com
Vũ,Châu,Vũ_Châu@gmail.com
Hoàng,Minh,Hoàng-Minh@gmail.com
Trần,Bình,Trần_Bình@gmail.com
Nguyễn,Minh,Nguyễn-Minh@gmail.com
Phạm,Khánh,Phạm-Khánh@gmail.com
Phạm,An,Phạm_An@gmail.com
Hoàng,Duy,Hoàng-Duy@gmail.com
Lê,Khánh,Lê-Khánh@gmail.com
Hoàng,Minh,Hoàng_Minh@gmail.com
Trần,Khánh,Trần-Khánh@gmail.com
Hoàng,Minh,Hoàng_Minh@gmail.com
Phạm,An,Pham_An@gmail.com
Hoàng,An,Hoàng-An@gmail.com
Nguyễn,Minh,Nguyễn-Minh@gmail.com
Hoàng,Minh,Hoàng_Minh@gmail.com
Hoàng,Binh,Hoàng-Bình@gmail.com
Phạm,Minh,Pham-Minh@gmail.com